model,opts,median,p90,max,within3dB,npts,walltime_s,scenario,param,mode
raysolver,"(ds = 9.75,)",3.535977630164666e-5,9.245710875518403e-5,0.00023308907675811952,1.0,15582,0.404202,pekeris,ds,incoherent
raysolver,"(ds = 3.9,)",1.5480059101236066e-5,3.9214896810335664e-5,9.225530045497976e-5,1.0,15582,0.695326208,pekeris,ds,incoherent
raysolver,"(ds = 0.0,)",1.0280896667325123e-5,2.195475877542208e-5,5.194162431010341e-5,1.0,15582,1.132237959,pekeris,ds,incoherent
raysolver,"(ds = 0.975,)",3.935165082680214e-6,1.0147850095165725e-5,2.5626473070694544e-5,1.0,15582,2.093824416,pekeris,ds,incoherent
raysolver,"(ds = 0.39,)",0.0,0.0,0.0,1.0,15582,4.856721,pekeris,ds,incoherent
raysolver,"(ds = 9.75,)",0.00010356370291475514,0.0003597019575508398,0.014116385941207454,1.0,15580,0.419567292,pekeris,ds,coherent
raysolver,"(ds = 3.9,)",3.3974190586150144e-5,0.00011352325831950338,0.004815050443454538,1.0,15580,0.701428875,pekeris,ds,coherent
raysolver,"(ds = 0.0,)",2.0086906907579305e-5,6.911754470451116e-5,0.004580795043892749,1.0,15580,1.13189425,pekeris,ds,coherent
raysolver,"(ds = 0.975,)",1.0022028352096868e-5,3.493661868390064e-5,0.0007179269212542749,1.0,15580,2.1388325,pekeris,ds,coherent
raysolver,"(ds = 0.39,)",0.0,0.0,0.0,1.0,15580,4.8669025,pekeris,ds,coherent
raysolver,"(nbeams = 100, ds = 9.75, solver_tol = 0.001, min_amplitude = 0.001)",3.7016726212166304,8.69638719580706,9.749751068869429,0.429521949808346,13827,0.148782667,pekeris,frontier,incoherent
raysolver,"(nbeams = 250, ds = 9.75, solver_tol = 0.0001, min_amplitude = 0.0001)",1.125836001591093,2.3982873784428484,4.081147725609547,0.9956359902451547,15582,0.151588167,pekeris,frontier,incoherent
raysolver,"(nbeams = 500, ds = 3.9, solver_tol = 0.0001)",0.1582955412141942,1.7390717365293586,3.353884444930813,0.9998074701578745,15582,0.718231416,pekeris,frontier,incoherent
raysolver,"(nbeams = 1000, ds = 1.95, solver_tol = 1.0e-6)",0.034193207512267065,0.8980841298756294,2.700794437082095,1.0,15582,1.171306125,pekeris,frontier,incoherent
raysolver,"(nbeams = 2000, ds = 0.975, solver_tol = 1.0e-8)",0.024366998800886108,0.16376499291915253,1.9510327085899988,1.0,15582,1.875617875,pekeris,frontier,incoherent
raysolver,"(nbeams = 4000, ds = 0.975, solver_tol = 1.0e-8)",0.0,0.0,0.0,1.0,15582,1.934482125,pekeris,frontier,incoherent
raysolver,"(nbeams = 100, ds = 9.75, solver_tol = 0.001, min_amplitude = 0.001)",4.980042374143096,11.678009649960693,44.4476316789689,0.3744665461121157,13825,0.139746542,pekeris,frontier,coherent
raysolver,"(nbeams = 250, ds = 9.75, solver_tol = 0.0001, min_amplitude = 0.0001)",2.1280246211290006,7.627442215987682,38.63069672265305,0.5963932742908484,15582,0.158326208,pekeris,frontier,coherent
raysolver,"(nbeams = 500, ds = 3.9, solver_tol = 0.0001)",0.5610343172013827,4.791764364674883,32.84040556606094,0.7975097875617739,15581,0.716504542,pekeris,frontier,coherent
raysolver,"(nbeams = 1000, ds = 1.95, solver_tol = 1.0e-6)",0.05799469782893141,3.212659152862975,32.09928140152279,0.8936456996148909,15580,1.172581834,pekeris,frontier,coherent
raysolver,"(nbeams = 2000, ds = 0.975, solver_tol = 1.0e-8)",0.004010074536648034,1.262050470879813,26.950620560297168,0.9513541265562829,15582,1.862828833,pekeris,frontier,coherent
raysolver,"(nbeams = 4000, ds = 0.975, solver_tol = 1.0e-8)",0.0,0.0,0.0,1.0,15582,1.94980925,pekeris,frontier,coherent
raysolver,"(nbeams = 0,)",0.034210518020870495,0.8980905932554575,2.7007813617278487,1.0,15582,1.165137666,pekeris,nbeams,incoherent
raysolver,"(nbeams = 250,)",1.1138135920327485,2.3850044226293314,4.079174306252611,0.9960210499294058,15582,1.168402375,pekeris,nbeams,incoherent
raysolver,"(nbeams = 500,)",0.15829857797039892,1.7388929766860977,3.3539272613523465,0.9998074701578745,15582,1.175414125,pekeris,nbeams,incoherent
raysolver,"(nbeams = 1000,)",0.034210518020870495,0.8980905932554575,2.7007813617278487,1.0,15582,1.143106834,pekeris,nbeams,incoherent
raysolver,"(nbeams = 2000,)",0.024366971533826387,0.1637514899869132,1.9510452934810658,1.0,15582,1.047997417,pekeris,nbeams,incoherent
raysolver,"(nbeams = 4000,)",0.0,0.0,0.0,1.0,15582,1.120635958,pekeris,nbeams,incoherent
raysolver,"(nbeams = 0,)",0.057979328793624774,3.2126396295201314,32.098971959933635,0.8936456996148909,15580,1.1773305,pekeris,nbeams,coherent
raysolver,"(nbeams = 250,)",2.101019458097042,6.832566072359329,38.64981434380352,0.5992812219227314,15582,1.184606625,pekeris,nbeams,coherent
raysolver,"(nbeams = 500,)",0.560864290328773,4.789712968736083,32.83439901683349,0.7975739682947179,15581,1.198816875,pekeris,nbeams,coherent
raysolver,"(nbeams = 1000,)",0.057979328793624774,3.2126396295201314,32.098971959933635,0.8936456996148909,15580,1.157081292,pekeris,nbeams,coherent
raysolver,"(nbeams = 2000,)",0.004018369497547525,1.262084103417023,26.949068539464605,0.9513541265562829,15582,1.142066375,pekeris,nbeams,coherent
raysolver,"(nbeams = 4000,)",0.0,0.0,0.0,1.0,15582,1.138853792,pekeris,nbeams,coherent
raysolver,"(solver_tol = 0.0001,)",1.2714259870705291e-5,4.7006468911092745e-5,0.3915255956195409,1.0,15582,1.165559,pekeris,solver_tol,incoherent
raysolver,"(solver_tol = 1.0e-6,)",1.2754253830848938e-7,4.6972962586266936e-7,8.057031685382299e-6,1.0,15582,1.155869542,pekeris,solver_tol,incoherent
raysolver,"(solver_tol = 1.0e-8,)",1.2621867995221692e-9,4.642586048930757e-9,4.042290058237086e-8,1.0,15582,1.158117083,pekeris,solver_tol,incoherent
raysolver,"(solver_tol = 1.0e-10,)",0.0,0.0,0.0,1.0,15582,1.214236833,pekeris,solver_tol,incoherent
raysolver,"(solver_tol = 0.0001,)",0.0001928266357147379,0.0009916640282838785,2.497245078064779,1.0,15580,1.174986708,pekeris,solver_tol,coherent
raysolver,"(solver_tol = 1.0e-6,)",1.926594137557913e-6,9.86388208517042e-6,0.0004226727055538504,1.0,15580,1.174301875,pekeris,solver_tol,coherent
raysolver,"(solver_tol = 1.0e-8,)",1.9068288281687273e-8,9.756716465858519e-8,4.184634633475071e-6,1.0,15580,1.199249583,pekeris,solver_tol,coherent
raysolver,"(solver_tol = 1.0e-10,)",0.0,0.0,0.0,1.0,15580,1.197947833,pekeris,solver_tol,coherent
bellhop,"(beam_type = :geometric,)",0.66912268082962,2.0392043543481972,3.3654385581533734,0.9999358233859582,15582,0.051584917,pekeris,beam_type,incoherent
bellhop,"(beam_type = :gaussian,)",0.0,0.0,0.0,1.0,15600,0.116546083,pekeris,beam_type,incoherent
bellhop,"(beam_type = :geometric,)",1.369954117919363,3.9452050578423794,24.558521696168015,0.8133025166923472,15576,0.056170916,pekeris,beam_type,coherent
bellhop,"(beam_type = :gaussian,)",0.0,0.0,0.0,1.0,15596,0.180889,pekeris,beam_type,coherent
bellhop,"(nbeams = 250,)",0.8811198107708584,2.1064410386751486,3.8675967649190284,0.9982030548068284,15582,0.01144475,pekeris,nbeams,incoherent
bellhop,"(nbeams = 500,)",0.003961926634993063,1.562404608348207,3.4312492020096172,0.9997432935438326,15582,0.015192958,pekeris,nbeams,incoherent
bellhop,"(nbeams = 1000,)",0.0005952035637584174,0.7430098783610073,2.674073130203375,1.0,15582,0.023353,pekeris,nbeams,incoherent
bellhop,"(nbeams = 2000,)",9.577710752850521e-5,0.012460603000377588,1.6333916261400105,1.0,15582,0.037694958,pekeris,nbeams,incoherent
bellhop,"(nbeams = 4000,)",2.7811646514663835e-5,8.16685995985724e-5,1.2397593183361977,1.0,15582,0.06516175,pekeris,nbeams,incoherent
bellhop,"(nbeams = 0,)",0.0,0.0,0.0,1.0,15582,0.051266875,pekeris,nbeams,incoherent
bellhop,"(nbeams = 250,)",1.0419882513482364,6.463326958276273,37.126680787527775,0.6833119383825417,15580,0.015256583,pekeris,nbeams,coherent
bellhop,"(nbeams = 500,)",0.07885642209694055,4.12157942686739,39.19283072392548,0.8621973929236499,15573,0.018941625,pekeris,nbeams,coherent
bellhop,"(nbeams = 1000,)",0.008718207271236622,1.6612431317261889,30.594083460596693,0.9292637524873226,15579,0.027317167,pekeris,nbeams,coherent
bellhop,"(nbeams = 2000,)",0.001964757092693503,0.08497636557233151,25.669469657010154,0.9661103979460848,15580,0.040409583,pekeris,nbeams,coherent
bellhop,"(nbeams = 4000,)",0.0008417853883315729,0.0068951662022527695,33.760874192131595,0.9788818281019321,15579,0.066970708,pekeris,nbeams,coherent
bellhop,"(nbeams = 0,)",0.0,0.0,0.0,1.0,15580,0.055443167,pekeris,nbeams,coherent
raysolver,"(ds = 100.0,)",1.9259268846383293e-5,4.430694378498856e-5,6.641440752730432e-5,1.0,29891,0.201499667,lloyd,ds,incoherent
raysolver,"(ds = 40.0,)",7.740007426093598e-6,1.6779331453165014e-5,2.4905402959518597e-5,1.0,29891,0.178882709,lloyd,ds,incoherent
raysolver,"(ds = 0.0,)",0.00010241736463001416,0.00023485432394210193,0.00033229367731024695,1.0,29891,0.524929667,lloyd,ds,incoherent
raysolver,"(ds = 10.0,)",1.8225728695142607e-6,4.3894965244817286e-6,6.918167748892756e-6,1.0,29891,0.515162625,lloyd,ds,incoherent
raysolver,"(ds = 4.0,)",0.0,0.0,0.0,1.0,29891,1.06685975,lloyd,ds,incoherent
raysolver,"(ds = 100.0,)",1.956309526818245e-5,4.7119852438015636e-5,0.003953622069616358,1.0,29888,0.171292167,lloyd,ds,coherent
raysolver,"(ds = 40.0,)",7.805489289580692e-6,1.825328999416342e-5,0.0011108104054216028,1.0,29888,0.187700167,lloyd,ds,coherent
raysolver,"(ds = 0.0,)",0.00010501094873660577,0.00024526752572668893,0.005362810705506149,1.0,29888,0.373628917,lloyd,ds,coherent
raysolver,"(ds = 10.0,)",1.9356890845756425e-6,4.53562668099039e-6,0.0002817393519762845,1.0,29888,0.413941458,lloyd,ds,coherent
raysolver,"(ds = 4.0,)",0.0,0.0,0.0,1.0,29888,0.900272541,lloyd,ds,coherent
raysolver,"(nbeams = 100, ds = 100.0, solver_tol = 0.001, min_amplitude = 0.001)",0.03962307270067811,0.6782489146176742,14.175613558662185,0.9988957671072445,29885,0.140071292,lloyd,frontier,incoherent
raysolver,"(nbeams = 250, ds = 100.0, solver_tol = 0.0001, min_amplitude = 0.0001)",0.03559185081966376,0.10113073368338939,13.58424602974496,0.999096536724109,29885,0.135831833,lloyd,frontier,incoherent
raysolver,"(nbeams = 500, ds = 40.0, solver_tol = 0.0001)",0.03190692321417288,0.08034977546554387,13.323654667355527,0.999397691149406,29885,0.180623,lloyd,frontier,incoherent
raysolver,"(nbeams = 1000, ds = 20.0, solver_tol = 1.0e-6)",0.031146874478508835,0.07590635685962467,12.565444906958923,0.9998996151915677,29885,0.246279291,lloyd,frontier,incoherent
raysolver,"(nbeams = 2000, ds = 10.0, solver_tol = 1.0e-8)",0.03402680871322161,0.0678497336571226,9.967265026528523,0.9999665383971892,29885,0.533038791,lloyd,frontier,incoherent
raysolver,"(nbeams = 4000, ds = 10.0, solver_tol = 1.0e-8)",0.0,0.0,0.0,1.0,29885,0.738456334,lloyd,frontier,incoherent
raysolver,"(nbeams = 100, ds = 100.0, solver_tol = 0.001, min_amplitude = 0.001)",0.4240049587232875,2.1046655717307488,24.700851323371992,0.9137055837563451,29747,0.164903375,lloyd,frontier,coherent
raysolver,"(nbeams = 250, ds = 100.0, solver_tol = 0.0001, min_amplitude = 0.0001)",0.009931508420621071,0.3939549836041404,29.944106568426506,0.9292701785053955,29747,0.175086125,lloyd,frontier,coherent
raysolver,"(nbeams = 500, ds = 40.0, solver_tol = 0.0001)",0.000892262177259795,0.0032516049155759622,27.73098872969534,0.9652401922882979,29747,0.168903083,lloyd,frontier,coherent
raysolver,"(nbeams = 1000, ds = 20.0, solver_tol = 1.0e-6)",0.0004874297457746479,0.0012690577151857952,27.943959547347617,0.9814435069082597,29747,0.245140792,lloyd,frontier,coherent
raysolver,"(nbeams = 2000, ds = 10.0, solver_tol = 1.0e-8)",0.000498720105511552,0.0010349335448637475,23.247036916118418,0.9935455676202642,29747,0.469060959,lloyd,frontier,coherent
raysolver,"(nbeams = 4000, ds = 10.0, solver_tol = 1.0e-8)",0.0,0.0,0.0,1.0,29747,0.717811125,lloyd,frontier,coherent
raysolver,"(nbeams = 0,)",0.031150053146603796,0.07590351983212998,12.56543798879214,0.9998996151915677,29885,0.366816625,lloyd,nbeams,incoherent
raysolver,"(nbeams = 250,)",0.03561108597421736,0.10114207423133051,13.584294452673618,0.999096536724109,29885,0.150781708,lloyd,nbeams,incoherent
raysolver,"(nbeams = 500,)",0.031907676036269095,0.0803441857275004,13.323633912853907,0.999397691149406,29885,0.224780416,lloyd,nbeams,incoherent
raysolver,"(nbeams = 1000,)",0.031150053146603796,0.07590351983212998,12.56543798879214,0.9998996151915677,29885,0.44347075,lloyd,nbeams,incoherent
raysolver,"(nbeams = 2000,)",0.0340277367525772,0.06784887893070249,9.96726502652902,0.9999665383971892,29885,0.694954917,lloyd,nbeams,incoherent
raysolver,"(nbeams = 4000,)",0.0,0.0,0.0,1.0,29885,1.555277333,lloyd,nbeams,incoherent
raysolver,"(nbeams = 0,)",0.0004875745423760236,0.0012716036680529893,27.944320464579775,0.9814771237435708,29747,0.442648459,lloyd,nbeams,coherent
raysolver,"(nbeams = 250,)",0.009848260294127442,0.3939705503249623,29.947005727400736,0.9292701785053955,29747,0.263165959,lloyd,nbeams,coherent
raysolver,"(nbeams = 500,)",0.0008464512431416438,0.003106457181854692,27.730754264740924,0.9652401922882979,29747,0.266446875,lloyd,nbeams,coherent
raysolver,"(nbeams = 1000,)",0.0004875745423760236,0.0012716036680529893,27.944320464579775,0.9814771237435708,29747,0.379742833,lloyd,nbeams,coherent
raysolver,"(nbeams = 2000,)",0.0004990953317332014,0.0010372310942756249,23.24507219608033,0.9935455676202642,29747,0.683756042,lloyd,nbeams,coherent
raysolver,"(nbeams = 4000,)",0.0,0.0,0.0,1.0,29747,1.311484042,lloyd,nbeams,coherent
raysolver,"(solver_tol = 0.0001,)",2.9830004564246337e-6,1.2121202438208911e-5,0.00020032086697341356,1.0,29891,0.387892,lloyd,solver_tol,incoherent
raysolver,"(solver_tol = 1.0e-6,)",2.981916225053283e-8,1.212499611824569e-7,1.998284197668454e-6,1.0,29891,0.405624709,lloyd,solver_tol,incoherent
raysolver,"(solver_tol = 1.0e-8,)",2.9528024469982483e-10,1.2005045846308349e-9,1.9784479832196666e-8,1.0,29891,0.380583708,lloyd,solver_tol,incoherent
raysolver,"(solver_tol = 1.0e-10,)",0.0,0.0,0.0,1.0,29891,0.381200708,lloyd,solver_tol,incoherent
raysolver,"(solver_tol = 0.0001,)",4.5831931991813235e-5,9.673558378153756e-5,0.005275762960991415,1.0,29888,0.400598459,lloyd,solver_tol,coherent
raysolver,"(solver_tol = 1.0e-6,)",4.582714439038682e-7,9.672415856698534e-7,5.274912425079492e-5,1.0,29888,0.397517209,lloyd,solver_tol,coherent
raysolver,"(solver_tol = 1.0e-8,)",4.53646009646036e-9,9.577762227763742e-9,5.222568688623141e-7,1.0,29888,0.412629,lloyd,solver_tol,coherent
raysolver,"(solver_tol = 1.0e-10,)",0.0,0.0,0.0,1.0,29888,0.451002583,lloyd,solver_tol,coherent
bellhop,"(beam_type = :geometric,)",0.009252586698824672,0.8384529117967354,7.005708344705681,0.9997992773986351,29892,0.020360291,lloyd,beam_type,incoherent
bellhop,"(beam_type = :gaussian,)",0.0,0.0,0.0,1.0,30000,0.03714675,lloyd,beam_type,incoherent
bellhop,"(beam_type = :geometric,)",0.2911376829202368,1.753949740215798,29.160506484049577,0.9327087167475322,29885,0.021536542,lloyd,beam_type,coherent
bellhop,"(beam_type = :gaussian,)",0.0,0.0,0.0,1.0,29993,0.049242875,lloyd,beam_type,coherent
bellhop,"(nbeams = 250,)",3.6081911122920474e-5,0.00010687565186273664,2.3348155379231343,1.0,29892,0.017715875,lloyd,nbeams,incoherent
bellhop,"(nbeams = 500,)",4.310613379487904e-5,9.072633941258346e-5,2.6633229049682186,1.0,29889,0.027051167,lloyd,nbeams,incoherent
bellhop,"(nbeams = 1000,)",6.112038673578013e-5,0.00010678559497279139,3.756149874654824,0.9999665395168307,29886,0.044996583,lloyd,nbeams,incoherent
bellhop,"(nbeams = 2000,)",6.798074937819365e-5,0.0035892644162601045,3.7470480828403723,0.9999665383971892,29885,0.079522625,lloyd,nbeams,incoherent
bellhop,"(nbeams = 4000,)",6.873343884095107e-5,0.00012690531491443835,2.5949520280721856,1.0,29884,0.148990334,lloyd,nbeams,incoherent
bellhop,"(nbeams = 0,)",0.0,0.0,0.0,1.0,29892,0.020582125,lloyd,nbeams,incoherent
bellhop,"(nbeams = 250,)",0.04037583209078832,0.49322321340755043,26.11132473391565,0.9805299076676034,29892,0.020284667,lloyd,nbeams,coherent
bellhop,"(nbeams = 500,)",0.026251675920285322,0.25866999301951665,30.931850785175868,0.956066385598608,29886,0.029298667,lloyd,nbeams,coherent
bellhop,"(nbeams = 1000,)",0.02169782012171595,0.23181000902709886,30.33770126264787,0.953690061612644,29864,0.048953458,lloyd,nbeams,coherent
bellhop,"(nbeams = 2000,)",0.021153175882322017,0.2203769128582579,31.738500475296718,0.9556123478377833,29738,0.081585292,lloyd,nbeams,coherent
bellhop,"(nbeams = 4000,)",0.021495089332173478,0.21992624002583863,32.16228585795325,0.9587381916329285,29640,0.151579625,lloyd,nbeams,coherent
bellhop,"(nbeams = 0,)",0.0,0.0,0.0,1.0,29892,0.02189325,lloyd,nbeams,coherent
raysolver,"(ds = 2500.0,)",0.003972805651599742,0.08557114083504302,20.836109711285523,0.9978363141909998,50377,10.6026765,munk50,ds,incoherent
raysolver,"(ds = 1000.0,)",0.00252198499573808,0.031180475093947294,7.449443170308868,0.9997617960577247,50377,10.977560292,munk50,ds,incoherent
raysolver,"(ds = 0.0,)",0.0013365937733595956,0.012035395897169118,4.044638885541872,0.9999404501965143,50378,11.480568375,munk50,ds,incoherent
raysolver,"(ds = 250.0,)",0.0005792944233036224,0.00461639125754232,2.8374669564950494,1.0,50377,12.491931125,munk50,ds,incoherent
raysolver,"(ds = 100.0,)",0.0,0.0,0.0,1.0,50381,16.125072958,munk50,ds,incoherent
raysolver,"(ds = 2500.0,)",0.05215034260387341,0.3161505641429372,19.87623519050142,0.9951988723957186,45406,13.21620725,munk50,ds,coherent
raysolver,"(ds = 1000.0,)",0.03674514138976548,0.20586842642297265,10.259320895477515,0.9991855960556436,45432,13.517596959,munk50,ds,coherent
raysolver,"(ds = 0.0,)",0.02768024115393075,0.1600127655020145,6.434902440294223,0.9996919963039557,45454,13.972590375,munk50,ds,coherent
raysolver,"(ds = 250.0,)",0.0207778385279056,0.13091951654611478,6.493259963227615,0.9997580875722988,45471,14.633136208,munk50,ds,coherent
raysolver,"(ds = 100.0,)",0.0,0.0,0.0,1.0,45561,17.101117666,munk50,ds,coherent
raysolver,"(nbeams = 100, ds = 2500.0, solver_tol = 0.001, min_amplitude = 0.001)",1.5599872514522843,4.172127812067916,19.279499476724894,0.8105434510393188,39930,0.71446175,munk50,frontier,incoherent
raysolver,"(nbeams = 250, ds = 2500.0, solver_tol = 0.0001, min_amplitude = 0.0001)",0.9164737375064362,2.4546335263061465,23.140938566167407,0.9359817015459039,38036,0.940727792,munk50,frontier,incoherent
raysolver,"(nbeams = 500, ds = 1000.0, solver_tol = 0.0001)",0.15461088268911283,1.2698828948134349,20.37055053536136,0.9781185972031589,50271,10.42676925,munk50,frontier,incoherent
raysolver,"(nbeams = 1000, ds = 500.0, solver_tol = 1.0e-6)",0.10211667614000675,0.8657603786907131,14.706212269320247,0.9880701893683751,50378,13.393246542,munk50,frontier,incoherent
raysolver,"(nbeams = 2000, ds = 250.0, solver_tol = 1.0e-8)",0.060451454817396666,0.45901164977568676,15.477261042440091,0.9961097217260133,50382,19.446586625,munk50,frontier,incoherent
raysolver,"(nbeams = 4000, ds = 250.0, solver_tol = 1.0e-8)",0.0,0.0,0.0,1.0,50385,34.752868709,munk50,frontier,incoherent
raysolver,"(nbeams = 100, ds = 2500.0, solver_tol = 0.001, min_amplitude = 0.001)",3.5766531971636724,8.563402039629315,28.49567985270822,0.4260710259301015,35480,0.700205625,munk50,frontier,coherent
raysolver,"(nbeams = 250, ds = 2500.0, solver_tol = 0.0001, min_amplitude = 0.0001)",2.142688478514316,6.4076252794741775,29.84013570164562,0.6336951229989404,34919,0.895802375,munk50,frontier,coherent
raysolver,"(nbeams = 500, ds = 1000.0, solver_tol = 0.0001)",0.8831228810990339,3.735666885636113,27.606448389360523,0.850952645209027,43248,10.046214958,munk50,frontier,coherent
raysolver,"(nbeams = 1000, ds = 500.0, solver_tol = 1.0e-6)",0.5670726629714977,2.578667972253726,25.325730299775273,0.9245155779346311,44486,13.084089417,munk50,frontier,coherent
raysolver,"(nbeams = 2000, ds = 250.0, solver_tol = 1.0e-8)",0.22247000567872988,1.3414608186216788,27.72661001229622,0.9793567392881483,45487,19.078609,munk50,frontier,coherent
raysolver,"(nbeams = 4000, ds = 250.0, solver_tol = 1.0e-8)",0.0,0.0,0.0,1.0,46154,34.503650458,munk50,frontier,coherent
raysolver,"(nbeams = 0,)",0.10096330470094728,0.8674299539132746,14.70749380285875,0.9879898360265216,50374,13.074814958,munk50,nbeams,incoherent
raysolver,"(nbeams = 250,)",0.24494113282175078,1.8418049105438936,21.726400344811367,0.9590302348021872,49744,11.8626235,munk50,nbeams,incoherent
raysolver,"(nbeams = 500,)",0.15427589204691827,1.2653045971197472,18.1186575650829,0.9780593570973902,50272,10.535378334,munk50,nbeams,incoherent
raysolver,"(nbeams = 1000,)",0.10096330470094728,0.8674299539132746,14.70749380285875,0.9879898360265216,50374,13.155256959,munk50,nbeams,incoherent
raysolver,"(nbeams = 2000,)",0.06127265254818326,0.4617824038754918,15.417607551923282,0.9961891907984837,50383,18.881565334,munk50,nbeams,incoherent
raysolver,"(nbeams = 4000,)",0.0,0.0,0.0,1.0,50386,34.279764667,munk50,nbeams,incoherent
raysolver,"(nbeams = 0,)",0.5643323173379287,2.56222096934223,25.357695331707006,0.9251943732865938,44502,13.095043917,munk50,nbeams,coherent
raysolver,"(nbeams = 250,)",1.3953591214206114,5.337782283341583,24.995422753969336,0.737449787121449,41573,11.91786925,munk50,nbeams,coherent
raysolver,"(nbeams = 500,)",0.8767745618518887,3.7399478401235267,27.654947939751594,0.8503467406380028,43260,10.54001275,munk50,nbeams,coherent
raysolver,"(nbeams = 1000,)",0.5643323173379287,2.56222096934223,25.357695331707006,0.9251943732865938,44502,13.200753042,munk50,nbeams,coherent
raysolver,"(nbeams = 2000,)",0.223594479342637,1.3429953707569804,27.72661001229622,0.9797269069240748,45479,18.864132709,munk50,nbeams,coherent
raysolver,"(nbeams = 4000,)",0.0,0.0,0.0,1.0,46150,34.475984833,munk50,nbeams,coherent
raysolver,"(solver_tol = 0.0001,)",0.003326409034720257,0.032694061010853655,1.5295076426070722,1.0,50380,13.112754958,munk50,solver_tol,incoherent
raysolver,"(solver_tol = 1.0e-6,)",0.003502786317866935,0.033836071000138176,1.5292869442156984,1.0,50380,13.105067958,munk50,solver_tol,incoherent
raysolver,"(solver_tol = 1.0e-8,)",0.0022249547073158737,0.023708088029405872,1.524411155111551,1.0,50377,13.084310625,munk50,solver_tol,incoherent
raysolver,"(solver_tol = 1.0e-10,)",0.0,0.0,0.0,1.0,50382,13.06585125,munk50,solver_tol,incoherent
raysolver,"(solver_tol = 0.0001,)",0.01804251239948229,0.12241835002400868,8.127296171810912,0.9996258802816902,45440,13.200273042,munk50,solver_tol,coherent
raysolver,"(solver_tol = 1.0e-6,)",0.0189369922039333,0.12287753091825951,8.127416376463287,0.9995818477925965,45438,13.173576417,munk50,solver_tol,coherent
raysolver,"(solver_tol = 1.0e-8,)",0.011152802931377437,0.08711306432149113,7.940280033720327,0.9995820961178928,45465,13.223437625,munk50,solver_tol,coherent
raysolver,"(solver_tol = 1.0e-10,)",0.0,0.0,0.0,1.0,45545,13.200379625,munk50,solver_tol,coherent
bellhop,"(beam_type = :geometric,)",0.18792930689366472,1.978155565111326,15.947777912135308,0.9311146433538645,50330,0.138028916,munk50,beam_type,incoherent
bellhop,"(beam_type = :gaussian,)",0.0,0.0,0.0,1.0,50352,0.18767225,munk50,beam_type,incoherent
bellhop,"(beam_type = :geometric,)",0.7434807712377278,3.4293360237596207,23.695688349484925,0.8735980463096961,44224,0.155330292,munk50,beam_type,coherent
bellhop,"(beam_type = :gaussian,)",0.0,0.0,0.0,1.0,45112,0.2472725,munk50,beam_type,coherent
bellhop,"(nbeams = 250,)",0.24583842420857138,1.6203029567230598,21.609614548011166,0.9706696070569366,49880,0.064569209,munk50,nbeams,incoherent
bellhop,"(nbeams = 500,)",0.15861362740679397,1.0721279698731658,15.799266634464345,0.984202054726467,50323,0.078719083,munk50,nbeams,incoherent
bellhop,"(nbeams = 1000,)",0.0,0.0,0.0,1.0,50387,0.137981333,munk50,nbeams,incoherent
bellhop,"(nbeams = 2000,)",0.09683365515056153,0.8327026826874004,15.120293064009587,0.9896199265654461,50385,0.256619791,munk50,nbeams,incoherent
bellhop,"(nbeams = 4000,)",0.09987785402066152,0.9034800265740898,17.854606202773482,0.9871390294730574,50385,0.505689167,munk50,nbeams,incoherent
bellhop,"(nbeams = 0,)",0.0,0.0,0.0,1.0,50387,0.137228375,munk50,nbeams,incoherent
bellhop,"(nbeams = 250,)",1.128087625380772,4.486845607809383,24.210995399830466,0.7949939034209861,43467,0.058972958,munk50,nbeams,coherent
bellhop,"(nbeams = 500,)",0.6855570692867801,3.037473081200693,27.625451427217797,0.897578768349445,44688,0.090610125,munk50,nbeams,coherent
bellhop,"(nbeams = 1000,)",0.0,0.0,0.0,1.0,46427,0.154086584,munk50,nbeams,coherent
bellhop,"(nbeams = 2000,)",0.46017931747396545,2.4167639577711513,25.12529974914709,0.9319526627218935,45292,0.280272583,munk50,nbeams,coherent
bellhop,"(nbeams = 4000,)",0.47851323167920157,2.5300336034092052,26.270912319190344,0.9269937429525305,45229,0.514029292,munk50,nbeams,coherent
bellhop,"(nbeams = 0,)",0.0,0.0,0.0,1.0,46427,0.154300792,munk50,nbeams,coherent
raysolver,"(ds = 2500.0,)",0.003970974623200618,0.08558681010069884,20.83486622748555,0.9978351109257384,50349,11.772726916,munk230,ds,incoherent
raysolver,"(ds = 1000.0,)",0.002499337203786922,0.031175587350023178,7.448173294717861,0.9997616683217477,50350,11.913573916,munk230,ds,incoherent
raysolver,"(ds = 0.0,)",0.0013151163452818082,0.012063561199594381,4.044433437580054,0.9999404194470924,50352,12.991220583,munk230,ds,incoherent
raysolver,"(ds = 250.0,)",0.0005536946021109657,0.00459811294834367,2.838795146691325,1.0,50352,16.511495333,munk230,ds,incoherent
raysolver,"(ds = 100.0,)",0.0,0.0,0.0,1.0,50355,17.783580958,munk230,ds,incoherent
raysolver,"(ds = 2500.0,)",0.16254382280179414,0.8222686061291938,26.14239494989647,0.9932659164060538,43807,12.813097875,munk230,ds,coherent
raysolver,"(ds = 1000.0,)",0.12595799945224684,0.643157801357696,12.089693358715252,0.9978353991979585,43888,13.225034958,munk230,ds,coherent
raysolver,"(ds = 0.0,)",0.10226422568174343,0.5429462887463545,6.625039977222286,0.9986118064721679,43942,13.561588208,munk230,ds,coherent
raysolver,"(ds = 250.0,)",0.08290591212838194,0.45970410906622294,6.999253385567442,0.9994094130474287,44024,14.41171825,munk230,ds,coherent
raysolver,"(ds = 100.0,)",0.0,0.0,0.0,1.0,44361,16.882524625,munk230,ds,coherent
raysolver,"(nbeams = 100, ds = 2500.0, solver_tol = 0.001, min_amplitude = 0.001)",1.5568392687020776,4.161284063785738,19.280605885292346,0.8113997692963539,39878,0.717666833,munk230,frontier,incoherent
raysolver,"(nbeams = 250, ds = 2500.0, solver_tol = 0.0001, min_amplitude = 0.0001)",0.9154754368591682,2.452460038826711,23.14936342291996,0.9361981906164528,38024,0.929362834,munk230,frontier,incoherent
raysolver,"(nbeams = 500, ds = 1000.0, solver_tol = 0.0001)",0.15384825060333185,1.2590771438080597,20.37519619833482,0.978166809562738,50153,10.434521125,munk230,frontier,incoherent
raysolver,"(nbeams = 1000, ds = 500.0, solver_tol = 1.0e-6)",0.10198932651453418,0.8652853708963234,14.712910140044642,0.9880834160873883,50350,13.393333834,munk230,frontier,incoherent
raysolver,"(nbeams = 2000, ds = 250.0, solver_tol = 1.0e-8)",0.06047359116764994,0.45901421866586256,15.477264127045373,0.9961097217260133,50382,19.348495042,munk230,frontier,incoherent
raysolver,"(nbeams = 4000, ds = 250.0, solver_tol = 1.0e-8)",0.0,0.0,0.0,1.0,50384,34.532484625,munk230,frontier,incoherent
raysolver,"(nbeams = 100, ds = 2500.0, solver_tol = 0.001, min_amplitude = 0.001)",4.804117387590473,10.667255024988012,33.613095453612445,0.31219656601539375,33780,0.719743792,munk230,frontier,coherent
raysolver,"(nbeams = 250, ds = 2500.0, solver_tol = 0.0001, min_amplitude = 0.0001)",2.597980887214476,7.280196356086415,26.877683346657008,0.5551535500303916,34549,0.901550792,munk230,frontier,coherent
raysolver,"(nbeams = 500, ds = 1000.0, solver_tol = 0.0001)",1.270390919384738,4.83694902689866,26.78771967156264,0.7666369399117838,41489,10.193476667,munk230,frontier,coherent
raysolver,"(nbeams = 1000, ds = 500.0, solver_tol = 1.0e-6)",0.8210467931731955,3.4402255902621484,21.75894462427827,0.8696260374895085,42892,13.16417525,munk230,frontier,coherent
raysolver,"(nbeams = 2000, ds = 250.0, solver_tol = 1.0e-8)",0.3834587460558794,1.9068887040809812,27.730195092469103,0.9626252392209839,44415,18.974781334,munk230,frontier,coherent
raysolver,"(nbeams = 4000, ds = 250.0, solver_tol = 1.0e-8)",0.0,0.0,0.0,1.0,45785,34.380417625,munk230,frontier,coherent
raysolver,"(nbeams = 0,)",0.10088819145236982,0.8667167662253485,14.714182071322341,0.9880039721946375,50350,13.132570042,munk230,nbeams,incoherent
raysolver,"(nbeams = 250,)",0.24161652340318795,1.8240181603835446,21.73177703770338,0.9591956345998384,49480,12.082990959,munk230,nbeams,incoherent
raysolver,"(nbeams = 500,)",0.1535129076881674,1.2550801605569544,18.12404275800887,0.9781078656165886,50155,10.657544583,munk230,nbeams,incoherent
raysolver,"(nbeams = 1000,)",0.10088819145236982,0.8667167662253485,14.714182071322341,0.9880039721946375,50350,13.21096525,munk230,nbeams,incoherent
raysolver,"(nbeams = 2000,)",0.06127311791406953,0.4618089963030627,15.417976782259245,0.9961691907663603,50381,18.886546292,munk230,nbeams,incoherent
raysolver,"(nbeams = 4000,)",0.0,0.0,0.0,1.0,50383,34.283740917,munk230,nbeams,incoherent
raysolver,"(nbeams = 0,)",0.8197782028365168,3.4275506521517696,21.758063537700508,0.8694030720462439,42903,13.181979875,munk230,nbeams,coherent
raysolver,"(nbeams = 250,)",2.1110562397485353,6.563875652996913,25.930212585715324,0.627354606920985,40081,11.920126542,munk230,nbeams,coherent
raysolver,"(nbeams = 500,)",1.2672670389732374,4.844069211024734,26.840921606164187,0.7675404780262144,41504,10.683857,munk230,nbeams,coherent
raysolver,"(nbeams = 1000,)",0.8197782028365168,3.4275506521517696,21.758063537700508,0.8694030720462439,42903,13.302014,munk230,nbeams,coherent
raysolver,"(nbeams = 2000,)",0.3872928999711007,1.9037042523123802,27.730195092469103,0.9630722118394092,44411,18.875680166,munk230,nbeams,coherent
raysolver,"(nbeams = 4000,)",0.0,0.0,0.0,1.0,45784,34.291695375,munk230,nbeams,coherent
raysolver,"(solver_tol = 0.0001,)",0.0033196450676413747,0.032573979341130155,1.5298905902964606,1.0,50346,13.236445375,munk230,solver_tol,incoherent
raysolver,"(solver_tol = 1.0e-6,)",0.0034945567068547234,0.03374711415051762,1.5296705127385763,1.0,50345,13.162381334,munk230,solver_tol,incoherent
raysolver,"(solver_tol = 1.0e-8,)",0.0022201016202103574,0.02365145414393054,1.5248023708066825,1.0,50349,13.164414875,munk230,solver_tol,incoherent
raysolver,"(solver_tol = 1.0e-10,)",0.0,0.0,0.0,1.0,50353,13.169233416,munk230,solver_tol,incoherent
raysolver,"(solver_tol = 0.0001,)",0.02875050991018213,0.27474749413536315,10.070728288028846,0.9993196198943143,44093,13.217289958,munk230,solver_tol,coherent
raysolver,"(solver_tol = 1.0e-6,)",0.029844379361414042,0.27706311449596804,8.50005553176159,0.9992740801234063,44082,13.213585916,munk230,solver_tol,coherent
raysolver,"(solver_tol = 1.0e-8,)",0.01693161133313481,0.19886210276556263,8.50004944117272,0.9994335946350084,44138,13.244296167,munk230,solver_tol,coherent
raysolver,"(solver_tol = 1.0e-10,)",0.0,0.0,0.0,1.0,44324,13.249998208,munk230,solver_tol,coherent
bellhop,"(beam_type = :geometric,)",0.055436883951422544,1.0034066685860652,16.625005453949854,0.9735484383061476,50394,0.560245917,munk230,beam_type,incoherent
bellhop,"(beam_type = :gaussian,)",0.0,0.0,0.0,1.0,50417,0.629830083,munk230,beam_type,incoherent
bellhop,"(beam_type = :geometric,)",0.339869977235324,2.013137657928243,35.47574197586944,0.9439920115388882,45065,0.599977708,munk230,beam_type,coherent
bellhop,"(beam_type = :gaussian,)",0.0,0.0,0.0,1.0,45656,0.709270333,munk230,beam_type,coherent
bellhop,"(nbeams = 250,)",0.22311375562331648,1.8100151576498977,21.620628271938955,0.9605779486044312,49693,0.046742875,munk230,nbeams,incoherent
bellhop,"(nbeams = 500,)",0.14374961985714663,1.274186340769506,20.176648565895334,0.9774766708450228,50259,0.07674625,munk230,nbeams,incoherent
bellhop,"(nbeams = 1000,)",0.09980706732193312,0.8936271250092236,21.01581028979504,0.9875106725175228,50363,0.138795667,munk230,nbeams,incoherent
bellhop,"(nbeams = 2000,)",0.049505478361353994,0.5039809573350065,17.746557609052488,0.9951977457186514,50393,0.256358583,munk230,nbeams,incoherent
bellhop,"(nbeams = 4000,)",0.03170734440442402,0.30417810097867304,10.039132836195506,0.9978767313569076,50394,0.507028167,munk230,nbeams,incoherent
bellhop,"(nbeams = 0,)",0.0,0.0,0.0,1.0,50394,0.560597458,munk230,nbeams,incoherent
bellhop,"(nbeams = 250,)",1.6739062715265476,5.824304742940885,32.50087251640383,0.6915331592443598,42507,0.060648292,munk230,nbeams,coherent
bellhop,"(nbeams = 500,)",1.0884322340703534,4.459328009800686,27.34351609113834,0.7974965746266923,43061,0.092575083,munk230,nbeams,coherent
bellhop,"(nbeams = 1000,)",0.7057134730464725,3.253216585858354,29.980282845455903,0.883377560046268,44091,0.155780333,munk230,nbeams,coherent
bellhop,"(nbeams = 2000,)",0.32002236382462,1.955017599076896,26.906670847242793,0.9566710992907801,45120,0.27482825,munk230,nbeams,coherent
bellhop,"(nbeams = 4000,)",0.12899158123170906,1.0029912932883052,24.452661895938334,0.9784160063044525,45682,0.514681459,munk230,nbeams,coherent
bellhop,"(nbeams = 0,)",0.0,0.0,0.0,1.0,46142,0.580847791,munk230,nbeams,coherent
raysolver,"(ds = 100.0,)",6.9560481605890345e-6,1.7560129812466126e-5,3.094439593098741e-5,1.0,22717,0.475381459,wedge,ds,incoherent
raysolver,"(ds = 40.0,)",2.7934360460335483e-6,6.907255045973666e-6,1.1617091626447973e-5,1.0,22717,0.495915084,wedge,ds,incoherent
raysolver,"(ds = 0.0,)",2.759081851877454e-7,6.213290703271922e-7,6.453948522278097e-7,1.0,22717,2.390885416,wedge,ds,incoherent
raysolver,"(ds = 10.0,)",9.077747264996106e-7,1.9526147497117556e-6,3.226970726188938e-6,1.0,22717,0.827228959,wedge,ds,incoherent
raysolver,"(ds = 4.0,)",0.0,0.0,0.0,1.0,22717,1.371813167,wedge,ds,incoherent
raysolver,"(ds = 100.0,)",1.0396828585612639e-5,3.342071487821842e-5,0.0027751267860480766,1.0,22709,0.637317083,wedge,ds,coherent
raysolver,"(ds = 40.0,)",4.037509924614824e-6,1.359321056781937e-5,0.00034141607279991604,1.0,22709,0.495217542,wedge,ds,coherent
raysolver,"(ds = 0.0,)",4.0746871121655204e-7,1.1250162998521774e-6,4.572050843876241e-5,1.0,22709,2.422601625,wedge,ds,coherent
raysolver,"(ds = 10.0,)",1.3154878573118367e-6,3.955145905365499e-6,0.0001326073455771848,1.0,22709,0.719071667,wedge,ds,coherent
raysolver,"(ds = 4.0,)",0.0,0.0,0.0,1.0,22709,1.378463125,wedge,ds,coherent
raysolver,"(nbeams = 100, ds = 100.0, solver_tol = 0.001, min_amplitude = 0.001)",1.2427892274955887,7.669533047631504,14.091467474885789,0.5911148282987307,20326,0.060437458,wedge,frontier,incoherent
raysolver,"(nbeams = 250, ds = 100.0, solver_tol = 0.0001, min_amplitude = 0.0001)",0.06374770911725847,2.276883781473238,8.340350436355891,0.9422619571919316,22706,0.185754,wedge,frontier,incoherent
raysolver,"(nbeams = 500, ds = 40.0, solver_tol = 0.0001)",0.040120733345304416,1.220679348787115,6.391342667904254,0.9847237508254457,22715,0.487592083,wedge,frontier,incoherent
raysolver,"(nbeams = 1000, ds = 20.0, solver_tol = 1.0e-6)",0.03245337311800256,0.2962247398887796,4.317361841583875,0.9994276909531147,22715,0.525457791,wedge,frontier,incoherent
raysolver,"(nbeams = 2000, ds = 10.0, solver_tol = 1.0e-8)",0.03184951386560897,0.096360984216983,4.775109873688351,0.9999119524543253,22715,0.686004292,wedge,frontier,incoherent
raysolver,"(nbeams = 4000, ds = 10.0, solver_tol = 1.0e-8)",0.0,0.0,0.0,1.0,22715,0.9422335,wedge,frontier,incoherent
raysolver,"(nbeams = 100, ds = 100.0, solver_tol = 0.001, min_amplitude = 0.001)",2.3819830754002282,10.749138014495415,34.311586451812346,0.5408464566929134,20320,0.10959625,wedge,frontier,coherent
raysolver,"(nbeams = 250, ds = 100.0, solver_tol = 0.0001, min_amplitude = 0.0001)",0.4080075410119903,4.775710421719144,31.49992004370668,0.8341123555869124,22678,0.189728375,wedge,frontier,coherent
raysolver,"(nbeams = 500, ds = 40.0, solver_tol = 0.0001)",0.012666300358105786,3.102047800564888,29.990093707811752,0.897129503064509,22679,0.507618417,wedge,frontier,coherent
raysolver,"(nbeams = 1000, ds = 20.0, solver_tol = 1.0e-6)",0.0022933038266508277,1.5737772664889582,24.441805837175465,0.9296165711767298,22690,0.5629665,wedge,frontier,coherent
raysolver,"(nbeams = 2000, ds = 10.0, solver_tol = 1.0e-8)",0.0008264079921147527,0.3014801090266914,27.610880888623484,0.9507408714058917,22676,0.721105458,wedge,frontier,coherent
raysolver,"(nbeams = 4000, ds = 10.0, solver_tol = 1.0e-8)",0.0,0.0,0.0,1.0,22695,0.923387834,wedge,frontier,coherent
raysolver,"(nbeams = 0,)",0.0324534620768091,0.29538532995412625,4.317360199245968,0.9995157384987894,22715,2.516805625,wedge,nbeams,incoherent
raysolver,"(nbeams = 250,)",0.054726012022417336,2.2209023141731894,14.464615624042281,0.9466314398943196,22710,4.577148583,wedge,nbeams,incoherent
raysolver,"(nbeams = 500,)",0.04012046499081379,1.2225134118699184,6.391341771385385,0.984767774598283,22715,3.422063959,wedge,nbeams,incoherent
raysolver,"(nbeams = 1000,)",0.0324534620768091,0.29538532995412625,4.317360199245968,0.9995157384987894,22715,2.520989541,wedge,nbeams,incoherent
raysolver,"(nbeams = 2000,)",0.03185074176570879,0.09636104589388872,4.775108495391429,0.9999119524543253,22715,2.302398458,wedge,nbeams,incoherent
raysolver,"(nbeams = 4000,)",0.0,0.0,0.0,1.0,22715,3.263049208,wedge,nbeams,incoherent
raysolver,"(nbeams = 0,)",0.0022921752459055256,1.574278516081972,24.441689705491996,0.9297487880123403,22690,2.635999458,wedge,nbeams,coherent
raysolver,"(nbeams = 250,)",0.08946292274315581,4.849603993677748,31.244993657659535,0.8448853615520282,22680,5.169572792,wedge,nbeams,coherent
raysolver,"(nbeams = 500,)",0.01264499036583544,3.1019009486776765,29.989458583304582,0.8971735967194321,22679,3.842678542,wedge,nbeams,coherent
raysolver,"(nbeams = 1000,)",0.0022921752459055256,1.574278516081972,24.441689705491996,0.9297487880123403,22690,2.918634083,wedge,nbeams,coherent
raysolver,"(nbeams = 2000,)",0.0008263312639336107,0.30148071082373207,27.61090092217441,0.9507408714058917,22676,2.768842333,wedge,nbeams,coherent
raysolver,"(nbeams = 4000,)",0.0,0.0,0.0,1.0,22695,3.45283875,wedge,nbeams,coherent
raysolver,"(solver_tol = 0.0001,)",3.7942957149539325e-6,1.2186623317234073e-5,2.134112459104273,1.0,22717,2.857725708,wedge,solver_tol,incoherent
raysolver,"(solver_tol = 1.0e-6,)",3.79193778599074e-8,1.2162313538510715e-7,2.1341275344266535,1.0,22717,3.073268125,wedge,solver_tol,incoherent
raysolver,"(solver_tol = 1.0e-8,)",3.7542946529356414e-10,1.2041155628139674e-9,1.2686852188768825,1.0,22717,3.331446959,wedge,solver_tol,incoherent
raysolver,"(solver_tol = 1.0e-10,)",0.0,0.0,0.0,1.0,22717,2.987816625,wedge,solver_tol,incoherent
raysolver,"(solver_tol = 0.0001,)",3.629886865752496e-5,0.00019472976777450417,11.353596880677088,0.9996036813598133,22709,3.110310333,wedge,solver_tol,coherent
raysolver,"(solver_tol = 1.0e-6,)",3.62727234914928e-7,1.9475475369290508e-6,11.35326986528922,0.9996477167642784,22709,3.096623166,wedge,solver_tol,coherent
raysolver,"(solver_tol = 1.0e-8,)",3.591466679608857e-9,1.924541948028491e-8,10.748158367677618,0.9998238583821393,22709,3.097947834,wedge,solver_tol,coherent
raysolver,"(solver_tol = 1.0e-10,)",0.0,0.0,0.0,1.0,22709,3.378641,wedge,solver_tol,coherent
bellhop,"(beam_type = :geometric,)",0.45987757751628777,4.429426488075208,47.40137741229374,0.8520901622759095,24711,0.030688208,wedge,beam_type,incoherent
bellhop,"(beam_type = :gaussian,)",0.0,0.0,0.0,1.0,47842,0.073597834,wedge,beam_type,incoherent
bellhop,"(beam_type = :geometric,)",0.8707677646995577,8.805577095717004,41.98625921576458,0.6946337482146501,24505,0.033243167,wedge,beam_type,coherent
bellhop,"(beam_type = :gaussian,)",0.0,0.0,0.0,1.0,37995,0.11082825,wedge,beam_type,coherent
bellhop,"(nbeams = 250,)",0.0023336643318074834,2.5084798207849133,42.84602752389997,0.9200356116709157,24711,0.019091625,wedge,nbeams,incoherent
bellhop,"(nbeams = 500,)",0.00034969361767878127,1.3534653956438791,33.12975519285547,0.951309345529607,24707,0.020274542,wedge,nbeams,incoherent
bellhop,"(nbeams = 1000,)",9.886316537333073e-5,0.5416476577913579,36.80415864622246,0.9736494845360825,24250,0.031268334,wedge,nbeams,incoherent
bellhop,"(nbeams = 2000,)",0.0001723424665911466,0.6178314015482843,42.78419278277726,0.9793121062489358,23492,0.053079,wedge,nbeams,incoherent
bellhop,"(nbeams = 4000,)",0.00021160087408844674,0.5656028190406336,43.000621329805796,0.9870478665800303,23085,0.10411525,wedge,nbeams,incoherent
bellhop,"(nbeams = 0,)",0.0,0.0,0.0,1.0,24711,0.025917,wedge,nbeams,incoherent
bellhop,"(nbeams = 250,)",0.025694300408368065,5.215117072346712,38.62876295041414,0.8408720456397718,24540,0.018381458,wedge,nbeams,coherent
bellhop,"(nbeams = 500,)",0.005319399651263268,3.907471838672728,30.068591228890597,0.8805464926590538,24520,0.025968666,wedge,nbeams,coherent
bellhop,"(nbeams = 1000,)",0.0023262530912688817,2.471278362252093,32.68322760151772,0.9105846230446869,24101,0.038615959,wedge,nbeams,coherent
bellhop,"(nbeams = 2000,)",0.0022374399059366112,1.666999729817317,35.83102244500521,0.9262077811030355,23390,0.057701292,wedge,nbeams,coherent
bellhop,"(nbeams = 4000,)",0.0027663315974422176,1.3042324745937215,41.39678327625662,0.9325813449023861,23050,0.096089666,wedge,nbeams,coherent
bellhop,"(nbeams = 0,)",0.0,0.0,0.0,1.0,24542,0.033449209,wedge,nbeams,coherent
raysolver,"(ds = 1500.0,)",0.007946540007239378,0.0870838274769653,7.587389131792293,0.9993735426165037,28733,2.566060334,seamount,ds,incoherent
raysolver,"(ds = 600.0,)",0.0024386224434138626,0.02893541244442588,3.170313601975593,0.9999652125513114,28746,3.295811875,seamount,ds,incoherent
raysolver,"(ds = 0.0,)",7.368461110957014e-5,0.0012468344549091627,2.152997231426582,1.0,28759,15.486073709,seamount,ds,incoherent
raysolver,"(ds = 150.0,)",0.0002555112203168619,0.003917956150786495,2.22175061092004,1.0,28761,6.711246917,seamount,ds,incoherent
raysolver,"(ds = 60.0,)",0.0,0.0,0.0,1.0,28834,13.407829708,seamount,ds,incoherent
raysolver,"(ds = 1500.0,)",0.4098061015177592,2.2715486082652263,16.535377453567136,0.9440086362000719,13895,2.656451375,seamount,ds,coherent
raysolver,"(ds = 600.0,)",0.24939333051126766,1.533940219630904,13.302442992240529,0.9835963884485491,14509,3.365215042,seamount,ds,coherent
raysolver,"(ds = 0.0,)",0.03395938430253409,0.41335643550307566,4.582088640294614,0.999747171480943,15821,15.610050959,seamount,ds,coherent
raysolver,"(ds = 150.0,)",0.07691900437616539,0.7004142930321251,3.4612194156706266,0.9995478328273367,15481,6.6842755,seamount,ds,coherent
raysolver,"(ds = 60.0,)",0.0,0.0,0.0,1.0,16241,13.776836,seamount,ds,coherent
raysolver,"(nbeams = 100, ds = 1500.0, solver_tol = 0.001, min_amplitude = 0.001)",0.8854136556137462,13.249239140315522,18.159607507218666,0.6751609089714962,7613,0.121219916,seamount,frontier,incoherent
raysolver,"(nbeams = 250, ds = 1500.0, solver_tol = 0.0001, min_amplitude = 0.0001)",1.442366625126681,6.973420741481727,25.077737221629945,0.7005918769984353,14699,0.769389416,seamount,frontier,incoherent
raysolver,"(nbeams = 500, ds = 600.0, solver_tol = 0.0001)",0.8724760157808618,3.7976847740260036,21.148595439184206,0.827440703562228,22514,4.111582667,seamount,frontier,incoherent
raysolver,"(nbeams = 1000, ds = 300.0, solver_tol = 1.0e-6)",0.45603288467255254,1.8878035286780368,14.396484156444572,0.9608366390191129,27730,5.246715375,seamount,frontier,incoherent
raysolver,"(nbeams = 2000, ds = 150.0, solver_tol = 1.0e-8)",0.24527403728548336,1.3803506190261194,17.08058608755526,0.9761881106143401,30195,8.253039875,seamount,frontier,incoherent
raysolver,"(nbeams = 4000, ds = 150.0, solver_tol = 1.0e-8)",0.0,0.0,0.0,1.0,32349,12.0790215,seamount,frontier,incoherent
raysolver,"(nbeams = 100, ds = 1500.0, solver_tol = 0.001, min_amplitude = 0.001)",4.232947769996386,15.435441248093898,27.81047337557301,0.37646744930629666,7496,0.081044541,seamount,frontier,coherent
raysolver,"(nbeams = 250, ds = 1500.0, solver_tol = 0.0001, min_amplitude = 0.0001)",2.102241643416697,9.717563846804907,42.1580352946138,0.6126491646778043,8380,0.768316417,seamount,frontier,coherent
raysolver,"(nbeams = 500, ds = 600.0, solver_tol = 0.0001)",0.6596207745876086,5.7675188967005475,21.397506511317005,0.7623569704989491,12847,4.030263875,seamount,frontier,coherent
raysolver,"(nbeams = 1000, ds = 300.0, solver_tol = 1.0e-6)",0.38372800335136503,4.522482967049304,24.62332255886612,0.8149273161206335,13827,5.263397875,seamount,frontier,coherent
raysolver,"(nbeams = 2000, ds = 150.0, solver_tol = 1.0e-8)",0.2102173361022608,3.42544296945118,18.79942860947628,0.8760314341846759,15270,8.14278275,seamount,frontier,coherent
raysolver,"(nbeams = 4000, ds = 150.0, solver_tol = 1.0e-8)",0.0,0.0,0.0,1.0,21399,11.770411041,seamount,frontier,coherent
raysolver,"(nbeams = 0,)",0.4371650346674443,1.8905596102185709,10.925199305910965,0.9622010799691437,27223,15.968592625,seamount,nbeams,incoherent
raysolver,"(nbeams = 250,)",0.8354528551287359,4.034617015648394,13.270575313751948,0.8387134917819558,25371,15.760894375,seamount,nbeams,incoherent
raysolver,"(nbeams = 500,)",0.8746428196237588,3.794245298422277,25.529539600123982,0.8288971697276195,22542,21.060549834,seamount,nbeams,incoherent
raysolver,"(nbeams = 1000,)",0.4371650346674443,1.8905596102185709,10.925199305910965,0.9622010799691437,27223,15.46291675,seamount,nbeams,incoherent
raysolver,"(nbeams = 2000,)",0.24444525722638843,1.376875698316876,16.470345268315526,0.9762149269553119,30187,16.034737542,seamount,nbeams,incoherent
raysolver,"(nbeams = 4000,)",0.0,0.0,0.0,1.0,32339,22.034188916,seamount,nbeams,incoherent
raysolver,"(nbeams = 0,)",0.3292998154313693,4.538505371729529,24.623058053757546,0.8157145983803896,13707,16.347404917,seamount,nbeams,coherent
raysolver,"(nbeams = 250,)",1.1421023641512136,6.9201205416435485,41.8679398444674,0.7087612323491655,12464,15.821282375,seamount,nbeams,coherent
raysolver,"(nbeams = 500,)",0.5755821473920832,5.689102380326146,21.042754614918465,0.763153798256538,12848,21.297067875,seamount,nbeams,coherent
raysolver,"(nbeams = 1000,)",0.3292998154313693,4.538505371729529,24.623058053757546,0.8157145983803896,13707,15.258833792,seamount,nbeams,coherent
raysolver,"(nbeams = 2000,)",0.21131949285583573,3.458125331837068,18.80067648729485,0.8743863323951038,15277,15.967130833,seamount,nbeams,coherent
raysolver,"(nbeams = 4000,)",0.0,0.0,0.0,1.0,21405,21.876162917,seamount,nbeams,coherent
raysolver,"(solver_tol = 0.0001,)",0.03859355982066859,0.611383711976404,8.669975208471726,0.9965404094443255,28038,17.04876875,seamount,solver_tol,incoherent
raysolver,"(solver_tol = 1.0e-6,)",0.038883331461697423,0.6450953353662765,15.15767394059975,0.9959303155790376,28012,16.969482917,seamount,solver_tol,incoherent
raysolver,"(solver_tol = 1.0e-8,)",0.015632641500438638,0.34815817326409615,8.679489789817822,0.9976127698995225,28066,16.235160917,seamount,solver_tol,incoherent
raysolver,"(solver_tol = 1.0e-10,)",0.0,0.0,0.0,1.0,29001,16.302692084,seamount,solver_tol,incoherent
raysolver,"(solver_tol = 0.0001,)",0.015767576616646295,1.452393381256563,8.18013980403667,0.9800354319978196,14676,16.740131875,seamount,solver_tol,coherent
raysolver,"(solver_tol = 1.0e-6,)",0.01818766200414501,1.4829101698576466,13.577723593029589,0.9779160399288938,14626,16.933616583,seamount,solver_tol,coherent
raysolver,"(solver_tol = 1.0e-8,)",0.010762511137954789,1.168834878614635,9.701312085466611,0.9903407566407298,14908,16.362636583,seamount,solver_tol,coherent
raysolver,"(solver_tol = 1.0e-10,)",0.0,0.0,0.0,1.0,16401,16.227255209,seamount,solver_tol,coherent
bellhop,"(beam_type = :geometric,)",0.27356320142640556,1.1571294107744492,16.220524616247346,0.9824178285458313,35718,0.202004208,seamount,beam_type,incoherent
bellhop,"(beam_type = :gaussian,)",0.0,0.0,0.0,1.0,36991,0.2645745,seamount,beam_type,incoherent
bellhop,"(beam_type = :geometric,)",0.6241004965049157,4.029530296967019,33.60497263061271,0.8041652479854727,17622,0.219999167,seamount,beam_type,coherent
bellhop,"(beam_type = :gaussian,)",0.0,0.0,0.0,1.0,18339,0.3291725,seamount,beam_type,coherent
bellhop,"(nbeams = 250,)",0.9528752133515894,3.8961462140254173,17.409002314513458,0.8330070410441354,29115,0.023009458,seamount,nbeams,incoherent
bellhop,"(nbeams = 500,)",0.9413697521580673,3.5240585830652265,14.024059235086128,0.8549772261047947,28761,0.03559375,seamount,nbeams,incoherent
bellhop,"(nbeams = 1000,)",0.5508890305898717,2.309260969110597,13.957860306958182,0.9493268746854555,31792,0.056170916,seamount,nbeams,incoherent
bellhop,"(nbeams = 2000,)",0.2972015886556676,1.3838549508126008,11.516681743678134,0.9828653424117945,35542,0.098365708,seamount,nbeams,incoherent
bellhop,"(nbeams = 4000,)",0.16607197010503683,0.9023549760769726,13.290118028463922,0.9958228443387093,36149,0.182378542,seamount,nbeams,incoherent
bellhop,"(nbeams = 0,)",0.0,0.0,0.0,1.0,37280,0.199974834,seamount,nbeams,incoherent
bellhop,"(nbeams = 250,)",1.3485494921905854,6.390769398874554,34.61546514490373,0.6919963201471941,16305,0.029803209,seamount,nbeams,coherent
bellhop,"(nbeams = 500,)",0.9180068570836113,5.55047905308359,21.73440688219941,0.7398621867187024,16399,0.045371125,seamount,nbeams,coherent
bellhop,"(nbeams = 1000,)",0.5634870799216287,4.6568415286905145,22.2410917627503,0.7962940608401738,16568,0.067164167,seamount,nbeams,coherent
bellhop,"(nbeams = 2000,)",0.5482958131722455,4.008706845355174,27.715797963400547,0.8315971313406271,19103,0.117774167,seamount,nbeams,coherent
bellhop,"(nbeams = 4000,)",0.48892662996107106,3.310490676906459,18.86739714216607,0.8777192141830379,20870,0.209842708,seamount,nbeams,coherent
bellhop,"(nbeams = 0,)",0.0,0.0,0.0,1.0,25583,0.220996875,seamount,nbeams,coherent
raysolver,"(ds = 19.5,)",0.00812888607040918,0.045962788617876414,11.377701712381509,0.9992735042735043,23400,0.744818833,downref,ds,incoherent
raysolver,"(ds = 7.8,)",0.00139870749649873,0.008995916984200384,3.762827113032536,0.999957264957265,23400,1.190162125,downref,ds,incoherent
raysolver,"(ds = 0.0,)",0.000372542645390439,0.003340842168324797,3.3360026876429316,0.999957264957265,23400,1.88987575,downref,ds,incoherent
raysolver,"(ds = 1.95,)",9.350585751732865e-5,0.0008466243727198719,2.376396665197909,1.0,23400,3.4301055,downref,ds,incoherent
raysolver,"(ds = 0.78,)",0.0,0.0,0.0,1.0,23400,7.810858417,downref,ds,incoherent
raysolver,"(ds = 19.5,)",0.03855984468634688,0.19213383227116132,14.75807722176711,0.99803368385056,23394,0.746624333,downref,ds,coherent
raysolver,"(ds = 7.8,)",0.010473280452742983,0.0707524053058989,16.978533859447467,0.9989313955973499,23395,1.209982042,downref,ds,coherent
raysolver,"(ds = 0.0,)",0.004889933994896012,0.04637436271125497,10.142736908820325,0.9985466358895443,23394,1.898183334,downref,ds,coherent
raysolver,"(ds = 1.95,)",0.002209014444893853,0.0239370378653433,17.001580073767386,0.9991023723017739,23395,3.38742525,downref,ds,coherent
raysolver,"(ds = 0.78,)",0.0,0.0,0.0,1.0,23395,7.811612125,downref,ds,coherent
raysolver,"(nbeams = 100, ds = 19.5, solver_tol = 0.001, min_amplitude = 0.001)",2.404013383950833,14.353777483215843,42.2360333836924,0.5751567981290528,18814,0.070677791,downref,frontier,incoherent
raysolver,"(nbeams = 250, ds = 19.5, solver_tol = 0.0001, min_amplitude = 0.0001)",1.082768003867976,4.076494675069213,32.21830303855285,0.8228947255298112,23263,0.209834541,downref,frontier,incoherent
raysolver,"(nbeams = 500, ds = 7.8, solver_tol = 0.0001)",0.7475669277023158,2.858506972867335,21.40735478412084,0.9087567844779691,23399,1.152242041,downref,frontier,incoherent
raysolver,"(nbeams = 1000, ds = 3.9, solver_tol = 1.0e-6)",0.7946865561011833,3.151301910896163,29.304784581544858,0.890422667635369,23399,1.8953335,downref,frontier,incoherent
raysolver,"(nbeams = 2000, ds = 1.95, solver_tol = 1.0e-8)",0.4959972892037854,1.9908340697440154,19.850657210616383,0.9580751314158725,23399,3.79021975,downref,frontier,incoherent
raysolver,"(nbeams = 4000, ds = 1.95, solver_tol = 1.0e-8)",0.0,0.0,0.0,1.0,23399,2.731767125,downref,frontier,incoherent
raysolver,"(nbeams = 100, ds = 19.5, solver_tol = 0.001, min_amplitude = 0.001)",5.301657791768861,17.655441453150715,45.74158696639293,0.3581615628868199,18581,0.089499542,downref,frontier,coherent
raysolver,"(nbeams = 250, ds = 19.5, solver_tol = 0.0001, min_amplitude = 0.0001)",2.8591005368311073,9.768806255007068,38.29355065262506,0.5142439108357001,23238,0.228543708,downref,frontier,coherent
raysolver,"(nbeams = 500, ds = 7.8, solver_tol = 0.0001)",1.9988691288327374,7.326212198875723,32.790469288573085,0.6287888504125518,23391,1.443593542,downref,frontier,coherent
raysolver,"(nbeams = 1000, ds = 3.9, solver_tol = 1.0e-6)",1.790231601330369,6.998080917151845,40.68960209907238,0.6644151846785226,23392,2.605392041,downref,frontier,coherent
raysolver,"(nbeams = 2000, ds = 1.95, solver_tol = 1.0e-8)",1.0339858166327502,4.08429677265905,26.370973188789407,0.8336824107715324,23395,4.065894625,downref,frontier,coherent
raysolver,"(nbeams = 4000, ds = 1.95, solver_tol = 1.0e-8)",0.0,0.0,0.0,1.0,23397,3.630472958,downref,frontier,coherent
raysolver,"(nbeams = 0,)",0.5410218540668268,2.1158234079032754,14.85009932888012,0.9551690243172786,23399,2.468217166,downref,nbeams,incoherent
raysolver,"(nbeams = 250,)",0.8421245863726554,2.810082819313225,17.06022781956772,0.9143980511987692,23399,2.297981292,downref,nbeams,incoherent
raysolver,"(nbeams = 500,)",0.6545532127013587,2.2921311667454374,18.401849671026383,0.9495704944655754,23399,2.276123583,downref,nbeams,incoherent
raysolver,"(nbeams = 1000,)",0.5410218540668268,2.1158234079032754,14.85009932888012,0.9551690243172786,23399,2.127276041,downref,nbeams,incoherent
raysolver,"(nbeams = 2000,)",0.4943911743739875,1.9960098594863496,19.896662436633157,0.9585025001068421,23399,2.154923208,downref,nbeams,incoherent
raysolver,"(nbeams = 4000,)",0.0,0.0,0.0,1.0,23399,1.718237083,downref,nbeams,incoherent
raysolver,"(nbeams = 0,)",1.3331776139650628,5.016787422323384,32.93503285003602,0.762706792630274,23393,2.060663708,downref,nbeams,coherent
raysolver,"(nbeams = 250,)",2.523672097126088,8.332517640214292,34.84612796898148,0.5583344021204737,23391,2.48293475,downref,nbeams,coherent
raysolver,"(nbeams = 500,)",1.939127312890296,6.710420107354091,38.16659919441102,0.6482684908080376,23390,2.343160542,downref,nbeams,coherent
raysolver,"(nbeams = 1000,)",1.3331776139650628,5.016787422323384,32.93503285003602,0.762706792630274,23393,2.068135583,downref,nbeams,coherent
raysolver,"(nbeams = 2000,)",1.0338454895047704,4.078232104755321,26.58154288034362,0.8337678991237444,23395,2.146742958,downref,nbeams,coherent
raysolver,"(nbeams = 4000,)",0.0,0.0,0.0,1.0,23398,1.883625625,downref,nbeams,coherent
raysolver,"(solver_tol = 0.0001,)",0.5277994919799447,2.4595615034874716,17.610501466071334,0.9292735042735043,23400,2.476872,downref,solver_tol,incoherent
raysolver,"(solver_tol = 1.0e-6,)",0.5859069815997486,2.4686596591640932,19.118893290033725,0.931025641025641,23400,1.96096525,downref,solver_tol,incoherent
raysolver,"(solver_tol = 1.0e-8,)",0.21873718379418605,0.9999201417134683,14.181052538553494,0.984957264957265,23400,2.296188583,downref,solver_tol,incoherent
raysolver,"(solver_tol = 1.0e-10,)",0.0,0.0,0.0,1.0,23400,2.008241167,downref,solver_tol,incoherent
raysolver,"(solver_tol = 0.0001,)",1.3349308693400737,5.664319856379578,28.879648481521855,0.7448909790508764,23390,2.004715916,downref,solver_tol,coherent
raysolver,"(solver_tol = 1.0e-6,)",1.2773700602172937,5.745394734418028,27.121208579989414,0.7608500448967375,23387,2.026842084,downref,solver_tol,coherent
raysolver,"(solver_tol = 1.0e-8,)",0.5266355487276044,2.6936899686101476,27.814008199675825,0.9138837815880617,23387,2.001323709,downref,solver_tol,coherent
raysolver,"(solver_tol = 1.0e-10,)",0.0,0.0,0.0,1.0,23392,1.989613083,downref,solver_tol,coherent
bellhop,"(beam_type = :geometric,)",1.133830665565533,3.891729358677852,23.25091999419599,0.8354630539766656,23399,0.061768792,downref,beam_type,incoherent
bellhop,"(beam_type = :gaussian,)",0.0,0.0,0.0,1.0,23400,0.175760958,downref,beam_type,incoherent
bellhop,"(beam_type = :geometric,)",3.02584556331243,7.933386155519381,41.71396071132091,0.496687043132561,23393,0.071056667,downref,beam_type,coherent
bellhop,"(beam_type = :gaussian,)",0.0,0.0,0.0,1.0,23400,0.293552917,downref,beam_type,coherent
bellhop,"(nbeams = 250,)",0.2876014593107925,1.9483728871082606,20.207948282083855,0.9668789264498483,23399,0.034239959,downref,nbeams,incoherent
bellhop,"(nbeams = 500,)",0.1590996616441558,1.085723368110287,22.382560382183,0.9940595751955211,23399,0.022929292,downref,nbeams,incoherent
bellhop,"(nbeams = 1000,)",0.04955786470927137,0.40704417358836054,21.625798262457515,0.9987178939270909,23399,0.03385725,downref,nbeams,incoherent
bellhop,"(nbeams = 2000,)",0.033332429119354856,0.15527741962779518,11.421711310919662,0.9996153681781272,23399,0.055495792,downref,nbeams,incoherent
bellhop,"(nbeams = 4000,)",0.018484281275831904,0.10463436957780632,20.455508195450413,0.9994444207017394,23399,0.094088333,downref,nbeams,incoherent
bellhop,"(nbeams = 0,)",0.0,0.0,0.0,1.0,23399,0.061522291,downref,nbeams,incoherent
bellhop,"(nbeams = 250,)",1.1346333322033786,5.680621975864067,33.58639970355506,0.7647838542780176,23387,0.021792625,downref,nbeams,coherent
bellhop,"(nbeams = 500,)",0.6443348309480115,3.5163873176847713,29.15337515021323,0.8751763951250802,23385,0.028749625,downref,nbeams,coherent
bellhop,"(nbeams = 1000,)",0.2726058071337327,1.7475755304525178,26.470326766673494,0.9554044809303917,23388,0.041581416,downref,nbeams,coherent
bellhop,"(nbeams = 2000,)",0.30586502636398905,1.4390353521929116,23.470542286532194,0.9690880328359486,23389,0.064373292,downref,nbeams,coherent
bellhop,"(nbeams = 4000,)",0.1052584177433431,0.6785569085736733,20.091196821316316,0.9890537478086117,23387,0.104925875,downref,nbeams,coherent
bellhop,"(nbeams = 0,)",0.0,0.0,0.0,1.0,23393,0.072249667,downref,nbeams,coherent
raysolver,"(ds = 250.0,)",0.007191355056171744,0.04483682292588755,13.947180522572047,0.998977094949657,49858,0.960774541,duct,ds,incoherent
raysolver,"(ds = 100.0,)",0.0017930443215270486,0.008759245077325778,4.303349079480995,0.9999398291146857,49858,1.106651083,duct,ds,incoherent
raysolver,"(ds = 0.0,)",0.0017930443215270486,0.008759245077325778,4.303349079480995,0.9999398291146857,49858,1.114439917,duct,ds,incoherent
raysolver,"(ds = 25.0,)",0.00020547264354320305,0.000859178266862415,3.561516717367624,0.9999598860764571,49858,2.331131625,duct,ds,incoherent
raysolver,"(ds = 10.0,)",0.0,0.0,0.0,1.0,49858,4.989817291,duct,ds,incoherent
raysolver,"(ds = 250.0,)",0.4225352215083831,2.5424085958967546,25.700673345154215,0.9220696721311475,48800,1.014378542,duct,ds,coherent
raysolver,"(ds = 100.0,)",0.10740110316248774,0.7515496352982467,9.811500262174107,0.9908703715025168,49071,1.226459833,duct,ds,coherent
raysolver,"(ds = 0.0,)",0.10740110316248774,0.7515496352982467,9.811500262174107,0.9908703715025168,49071,1.183031708,duct,ds,coherent
raysolver,"(ds = 25.0,)",0.022595993333325737,0.20373684866925998,7.590468630537089,0.9993285859613428,49150,2.450598625,duct,ds,coherent
raysolver,"(ds = 10.0,)",0.0,0.0,0.0,1.0,49188,4.91783475,duct,ds,coherent
raysolver,"(nbeams = 100, ds = 250.0, solver_tol = 0.001, min_amplitude = 0.001)",1.2940857813662419,7.716599050383697,35.35441444603313,0.6920436754847257,49822,0.377533333,duct,frontier,incoherent
raysolver,"(nbeams = 250, ds = 250.0, solver_tol = 0.0001, min_amplitude = 0.0001)",0.36020883035971707,6.014546616263665,27.54947634400225,0.8312046945115636,40558,0.19516,duct,frontier,incoherent
raysolver,"(nbeams = 500, ds = 100.0, solver_tol = 0.0001)",0.12252875402774777,1.6087220086771576,26.433609801597363,0.9573119358074222,49850,1.167501875,duct,frontier,incoherent
raysolver,"(nbeams = 1000, ds = 50.0, solver_tol = 1.0e-6)",0.12805155586902828,1.5357673098555453,25.62879788328916,0.9610631895687061,49850,1.509743125,duct,frontier,incoherent
raysolver,"(nbeams = 2000, ds = 25.0, solver_tol = 1.0e-8)",0.05540250989608708,0.3252936434730628,21.52209513224703,0.9971715145436308,49850,1.418987166,duct,frontier,incoherent
raysolver,"(nbeams = 4000, ds = 25.0, solver_tol = 1.0e-8)",0.0,0.0,0.0,1.0,49850,1.679042292,duct,frontier,incoherent
raysolver,"(nbeams = 100, ds = 250.0, solver_tol = 0.001, min_amplitude = 0.001)",4.8875636484076,14.228810430107304,47.35180663180752,0.33310776518355606,47288,0.388285875,duct,frontier,coherent
raysolver,"(nbeams = 250, ds = 250.0, solver_tol = 0.0001, min_amplitude = 0.0001)",2.667499913715176,10.02219490633997,31.31901678065381,0.5339679228061025,38345,0.210353833,duct,frontier,coherent
raysolver,"(nbeams = 500, ds = 100.0, solver_tol = 0.0001)",0.9315880936039775,4.617508532066935,32.97859833899581,0.806192306901585,48641,1.233336667,duct,frontier,coherent
raysolver,"(nbeams = 1000, ds = 50.0, solver_tol = 1.0e-6)",0.5266243894369751,3.785662292002222,29.17543115377093,0.8617268226545327,48679,1.58310175,duct,frontier,coherent
raysolver,"(nbeams = 2000, ds = 25.0, solver_tol = 1.0e-8)",0.11939994016887567,0.8888644539027186,27.409504243769675,0.9881421311508868,48997,1.552899209,duct,frontier,coherent
raysolver,"(nbeams = 4000, ds = 25.0, solver_tol = 1.0e-8)",0.0,0.0,0.0,1.0,49145,1.769059209,duct,frontier,coherent
raysolver,"(nbeams = 0,)",0.1185275221294404,1.5341616645376415,25.135707870248005,0.9612437311935808,49850,1.205287584,duct,nbeams,incoherent
raysolver,"(nbeams = 250,)",0.1727550117402359,2.1992945872788376,27.881957636224023,0.9298896690070211,49850,1.561092542,duct,nbeams,incoherent
raysolver,"(nbeams = 500,)",0.10542895028084942,1.5370494965487267,26.443198493282118,0.9597793380140421,49850,1.227530917,duct,nbeams,incoherent
raysolver,"(nbeams = 1000,)",0.1185275221294404,1.5341616645376415,25.135707870248005,0.9612437311935808,49850,1.305961291,duct,nbeams,incoherent
raysolver,"(nbeams = 2000,)",0.05567110912912554,0.3270591760844951,19.086279378654865,0.9970310932798395,49850,1.287987709,duct,nbeams,incoherent
raysolver,"(nbeams = 4000,)",0.0,0.0,0.0,1.0,49850,1.655943875,duct,nbeams,incoherent
raysolver,"(nbeams = 0,)",0.44167728797147277,3.5666650765292047,31.37526989768228,0.8744850484720543,48791,1.329473583,duct,nbeams,coherent
raysolver,"(nbeams = 250,)",2.03759600931285,7.341066680192512,31.277926820848194,0.6244754521963825,48375,1.598573,duct,nbeams,coherent
raysolver,"(nbeams = 500,)",0.8797320371322002,4.412755539537667,32.43448514265336,0.8209589941655026,48676,1.296697375,duct,nbeams,coherent
raysolver,"(nbeams = 1000,)",0.44167728797147277,3.5666650765292047,31.37526989768228,0.8744850484720543,48791,1.277874333,duct,nbeams,coherent
raysolver,"(nbeams = 2000,)",0.12485194706680502,0.9027911579641252,24.127397337254536,0.9875356997144022,49020,1.215816792,duct,nbeams,coherent
raysolver,"(nbeams = 4000,)",0.0,0.0,0.0,1.0,49158,1.657512417,duct,nbeams,coherent
raysolver,"(solver_tol = 0.0001,)",0.023253351903392172,0.1393529568110552,8.392821999843548,0.9995386898792571,49858,1.224360375,duct,solver_tol,incoherent
raysolver,"(solver_tol = 1.0e-6,)",0.024656322930454166,0.1429943551237053,10.879900571047422,0.9996790886116571,49858,1.24472775,duct,solver_tol,incoherent
raysolver,"(solver_tol = 1.0e-8,)",0.023742082184448066,0.12960155114462787,12.174345729478894,0.9997192025352,49858,1.254047292,duct,solver_tol,incoherent
raysolver,"(solver_tol = 1.0e-10,)",0.0,0.0,0.0,1.0,49858,1.276746042,duct,solver_tol,incoherent
raysolver,"(solver_tol = 0.0001,)",0.13810274064144323,1.1142916648734116,19.672184035424337,0.9837122913009756,48994,1.309664125,duct,solver_tol,coherent
raysolver,"(solver_tol = 1.0e-6,)",0.13266745750802045,1.1235171985753922,13.405023850194425,0.9842011798085363,48991,1.345123042,duct,solver_tol,coherent
raysolver,"(solver_tol = 1.0e-8,)",0.07946864731137993,0.4290908252107342,15.811812017574198,0.9969061673112152,49130,1.365821875,duct,solver_tol,coherent
raysolver,"(solver_tol = 1.0e-10,)",0.0,0.0,0.0,1.0,49205,1.378647875,duct,solver_tol,coherent
bellhop,"(beam_type = :geometric,)",0.01447286001065251,0.7380532493740304,20.923038251639284,0.9689067201604814,49850,0.091988875,duct,beam_type,incoherent
bellhop,"(beam_type = :gaussian,)",0.0,0.0,0.0,1.0,49918,0.172109,duct,beam_type,incoherent
bellhop,"(beam_type = :geometric,)",0.14442294760821284,1.761716889768154,31.881347329848026,0.9500834996537819,49102,0.103133542,duct,beam_type,coherent
bellhop,"(beam_type = :gaussian,)",0.0,0.0,0.0,1.0,49295,0.211360292,duct,beam_type,coherent
bellhop,"(nbeams = 250,)",0.05110753846704341,1.473621540400046,27.12193839811352,0.95444332998997,49850,0.02385325,duct,nbeams,incoherent
bellhop,"(nbeams = 500,)",0.025539959149170954,1.2841793934850214,25.715880429205903,0.9735205616850552,49850,0.033625042,duct,nbeams,incoherent
bellhop,"(nbeams = 1000,)",0.030895839638958478,1.3155449822809129,25.062418975177323,0.9668405215646941,49850,0.053826375,duct,nbeams,incoherent
bellhop,"(nbeams = 2000,)",0.0,0.0,0.0,1.0,49850,0.092682,duct,nbeams,incoherent
bellhop,"(nbeams = 4000,)",0.005975324658223258,0.13776047344212541,15.152807320191172,0.9982948846539619,49850,0.166604584,duct,nbeams,incoherent
bellhop,"(nbeams = 0,)",0.0,0.0,0.0,1.0,49850,0.091320458,duct,nbeams,incoherent
bellhop,"(nbeams = 250,)",1.179263244321433,5.45062013035988,29.603590316639867,0.7542426791980464,48731,0.032147709,duct,nbeams,coherent
bellhop,"(nbeams = 500,)",0.3881610733217542,2.8773525030845652,29.161408418941612,0.9061779292609752,48997,0.043341167,duct,nbeams,coherent
bellhop,"(nbeams = 1000,)",0.18633922852331608,3.5724934866617986,27.52310439557111,0.8771177791385997,48990,0.0642525,duct,nbeams,coherent
bellhop,"(nbeams = 2000,)",0.0,0.0,0.0,1.0,49245,0.107376917,duct,nbeams,coherent
bellhop,"(nbeams = 4000,)",0.033739562704397486,0.5063646803126115,34.02636505129878,0.9940858466791318,49204,0.177804917,duct,nbeams,coherent
bellhop,"(nbeams = 0,)",0.0,0.0,0.0,1.0,49245,0.104687292,duct,nbeams,coherent
